City_ID,City,Lat,Lng,Max Temp,Humidity,Cloudiness,Wind Speed,Country,Date,Current Description
0,Mataura,-46.1927,168.8643,57.47,98,100,3.29,NZ,2022-05-07 20:06:08,light rain
1,Rikitea,-23.1203,-134.9692,77.36,83,70,12.5,PF,2022-05-07 20:06:08,light rain
2,Alugan,12.2188,125.4808,80.19,84,56,11.43,PH,2022-05-07 20:06:09,broken clouds
3,Cherskiy,68.75,161.3,28.89,95,100,3.71,RU,2022-05-07 20:06:11,overcast clouds
4,Yellowknife,62.456,-114.3525,37.56,100,100,24.0,CA,2022-05-07 20:05:45,overcast clouds
5,Kahului,20.8947,-156.47,80.62,67,40,18.41,US,2022-05-07 20:06:13,scattered clouds
6,Lagoa,39.05,-27.9833,60.94,68,39,5.12,PT,2022-05-07 20:06:13,scattered clouds
7,Zarand,30.8127,56.564,64.98,49,48,5.73,IR,2022-05-07 20:06:14,scattered clouds
8,Ocos,14.5094,-92.1933,89.78,68,88,8.66,GT,2022-05-07 20:06:15,overcast clouds
9,Jalu,29.0331,21.5482,78.13,30,98,13.76,LY,2022-05-07 20:06:17,overcast clouds
10,Cape Town,-33.9258,18.4232,57.9,79,6,10.0,ZA,2022-05-07 20:06:18,clear sky
11,Avarua,-21.2078,-159.775,82.45,78,40,8.05,CK,2022-05-07 20:06:18,scattered clouds
12,Punta Arenas,-53.15,-70.9167,51.12,66,51,24.09,CL,2022-05-07 20:04:14,broken clouds
13,Barrow,71.2906,-156.7887,21.22,93,100,10.36,US,2022-05-07 20:02:06,overcast clouds
14,Joigny,47.9829,3.401,57.81,89,87,5.77,FR,2022-05-07 20:06:21,overcast clouds
15,Whitecourt,54.1502,-115.6855,43.86,66,100,15.23,CA,2022-05-07 20:05:23,overcast clouds
16,Edd,13.9297,41.6925,83.5,82,79,10.76,ER,2022-05-07 20:06:23,broken clouds
17,Clyde River,70.4692,-68.5914,27.36,73,93,3.04,CA,2022-05-07 20:06:23,overcast clouds
18,Khatanga,71.9667,102.5,-8.99,100,98,6.29,RU,2022-05-07 20:06:24,overcast clouds
19,Hobart,-42.8794,147.3294,51.66,79,100,12.66,AU,2022-05-07 20:04:40,overcast clouds
20,Margate,51.3813,1.3862,55.31,90,5,5.01,GB,2022-05-07 20:01:37,clear sky
21,Bluff,-46.6,168.3333,57.79,98,100,5.21,NZ,2022-05-07 20:06:25,light rain
22,Los Llanos De Aridane,28.6585,-17.9182,65.12,87,20,12.66,ES,2022-05-07 20:06:26,few clouds
23,Tubuala,9.5167,-79.0333,83.03,78,23,7.27,PA,2022-05-07 20:06:28,few clouds
24,Nakhon Phanom,17.3333,104.4167,75.06,93,100,5.46,TH,2022-05-07 20:06:29,light rain
25,Pevek,69.7008,170.3133,25.61,90,100,5.14,RU,2022-05-07 20:06:30,overcast clouds
26,Yoichi,43.2039,140.7703,46.04,80,100,18.7,JP,2022-05-07 20:06:31,overcast clouds
27,Naze,28.3667,129.4833,69.19,82,100,6.13,JP,2022-05-07 20:06:33,overcast clouds
28,Oranjemund,-28.55,16.4333,55.78,88,0,10.2,NA,2022-05-07 20:06:33,clear sky
29,Port Alfred,-33.5906,26.891,64.18,79,100,4.0,ZA,2022-05-07 20:04:36,overcast clouds
30,Husavik,66.0449,-17.3389,41.32,71,100,2.89,IS,2022-05-07 20:06:34,overcast clouds
31,Kargasok,59.0556,80.8572,24.19,80,99,13.11,RU,2022-05-07 20:06:35,overcast clouds
32,Mercedes,-34.6515,-59.4307,75.85,45,42,8.48,AR,2022-05-07 20:06:37,scattered clouds
33,Vaini,-21.2,-175.2,75.36,88,75,10.36,TO,2022-05-07 20:06:38,broken clouds
34,Jamestown,42.097,-79.2353,65.52,42,0,8.05,US,2022-05-07 20:06:39,clear sky
35,Albany,42.6001,-73.9662,59.45,33,100,1.99,US,2022-05-07 20:06:40,overcast clouds
36,Tuatapere,-46.1333,167.6833,55.09,97,100,1.57,NZ,2022-05-07 20:06:41,moderate rain
37,Leningradskiy,69.3833,178.4167,23.67,90,86,2.28,RU,2022-05-07 20:06:42,overcast clouds
38,Omboue,-1.5746,9.2618,76.32,89,95,3.89,GA,2022-05-07 20:06:43,overcast clouds
39,Vanavara,60.34,102.2797,31.41,69,93,17.07,RU,2022-05-07 20:06:43,overcast clouds
40,Umea,63.8284,20.2597,42.73,45,0,13.8,SE,2022-05-07 20:06:44,clear sky
41,Yarada,17.65,83.2667,80.92,78,40,2.3,IN,2022-05-07 20:06:46,haze
42,Hilo,19.7297,-155.09,78.53,76,100,6.91,US,2022-05-07 20:06:46,overcast clouds
43,Saint-Philippe,-21.3585,55.7679,72.99,84,27,10.98,RE,2022-05-07 20:06:47,light rain
44,Provideniya,64.3833,-173.3,32.36,89,100,7.49,RU,2022-05-07 20:06:47,overcast clouds
45,Qaanaaq,77.484,-69.3632,19.76,79,100,1.05,GL,2022-05-07 20:06:48,overcast clouds
46,Soyo,-6.1349,12.3689,78.84,85,37,3.27,AO,2022-05-07 20:06:50,scattered clouds
47,Hermanus,-34.4187,19.2345,55.8,79,38,4.16,ZA,2022-05-07 20:06:51,light rain
48,Dikson,73.5069,80.5464,7.03,96,100,8.68,RU,2022-05-07 20:06:53,overcast clouds
49,Georgetown,5.4112,100.3354,85.95,74,20,6.91,MY,2022-05-07 20:06:54,few clouds
50,Isangel,-19.55,169.2667,74.98,64,15,17.63,VU,2022-05-07 20:06:55,few clouds
51,Vaitape,-16.5167,-151.75,81.34,76,0,7.47,PF,2022-05-07 20:04:45,clear sky
52,Gushikawa,26.3544,127.8686,75.2,96,75,11.5,JP,2022-05-07 20:06:56,broken clouds
53,Nakhon Thai,17.1006,100.8374,75.65,98,100,1.68,TH,2022-05-07 20:06:57,light rain
54,Ostrovnoy,68.0531,39.5131,37.98,99,100,14.85,RU,2022-05-07 20:06:58,light rain
55,Morehead,37.2711,-87.1764,63.86,68,100,9.22,US,2022-05-07 20:06:59,overcast clouds
56,Yulara,-25.2406,130.9889,42.64,61,0,5.75,AU,2022-05-07 20:06:59,clear sky
57,Kununurra,-15.7667,128.7333,73.38,31,2,8.05,AU,2022-05-07 20:07:00,clear sky
58,Thinadhoo,0.5333,72.9333,84.0,77,66,16.2,MV,2022-05-07 20:07:01,broken clouds
59,Mar Del Plata,-38.0023,-57.5575,66.61,67,51,11.52,AR,2022-05-07 20:03:35,broken clouds
60,Cordoba,-31.4135,-64.1811,80.76,40,0,16.11,AR,2022-05-07 20:07:03,clear sky
61,Dudinka,69.4058,86.1778,6.53,97,77,11.54,RU,2022-05-07 20:07:04,broken clouds
62,Santa Vitoria Do Palmar,-33.5189,-53.3681,65.66,69,35,2.89,BR,2022-05-07 20:07:05,scattered clouds
63,Panjab,34.388,67.0233,55.92,50,100,3.31,AF,2022-05-07 20:07:06,overcast clouds
64,Sitka,57.0531,-135.33,48.09,66,40,10.36,US,2022-05-07 20:07:07,scattered clouds
65,Manggar,-2.8833,108.2667,80.83,82,91,5.39,ID,2022-05-07 20:07:08,overcast clouds
66,Vardo,70.3705,31.1107,36.88,79,19,28.25,NO,2022-05-07 20:07:09,few clouds
67,Adrar,20.5022,-10.0711,93.74,13,52,6.49,MR,2022-05-07 20:07:10,broken clouds
68,Cap Malheureux,-19.9842,57.6142,77.47,74,8,7.0,MU,2022-05-07 20:07:10,clear sky
69,Norman Wells,65.282,-126.8329,43.86,62,100,1.05,CA,2022-05-07 20:07:12,overcast clouds
70,Ushuaia,-54.8,-68.3,49.66,53,20,21.85,AR,2022-05-07 20:07:13,few clouds
71,Carnarvon,-24.8667,113.6333,64.47,82,77,5.75,AU,2022-05-07 20:07:13,broken clouds
72,Atuona,-9.8,-139.0333,78.4,73,19,16.2,PF,2022-05-07 20:07:15,few clouds
73,Rio Bueno,-40.3167,-72.9667,66.34,61,22,4.38,CL,2022-05-07 20:05:06,few clouds
74,Tucuman,-26.8241,-65.2226,78.8,38,40,5.75,AR,2022-05-07 20:07:16,scattered clouds
75,Acari,-15.4311,-74.6158,76.91,57,37,9.57,PE,2022-05-07 20:07:17,scattered clouds
76,Muros,42.7762,-9.0603,68.68,63,100,3.47,ES,2022-05-07 20:07:18,overcast clouds
77,Lebu,-37.6167,-73.65,57.99,75,6,6.53,CL,2022-05-07 20:07:20,clear sky
78,Pisco,-13.7,-76.2167,69.85,73,0,12.66,PE,2022-05-07 20:07:21,clear sky
79,Colac,-38.3333,143.5833,49.84,92,88,4.74,AU,2022-05-07 20:07:22,overcast clouds
80,Angoche,-16.2325,39.9086,73.81,81,25,5.48,MZ,2022-05-07 20:07:23,scattered clouds
81,Valparaiso,-33.0393,-71.6273,55.63,88,100,5.75,CL,2022-05-07 20:07:24,fog
82,Vostok,46.4856,135.8833,31.32,97,100,3.24,RU,2022-05-07 20:07:25,overcast clouds
83,Terney,45.0503,136.6092,39.74,78,70,9.48,RU,2022-05-07 20:07:25,broken clouds
84,Wajima,37.4,136.9,52.72,58,9,8.3,JP,2022-05-07 20:07:26,clear sky
85,Hasaki,35.7333,140.8333,61.2,90,44,14.09,JP,2022-05-07 20:07:27,scattered clouds
86,Thompson,55.7435,-97.8558,64.18,72,38,10.92,CA,2022-05-07 20:07:28,scattered clouds
87,Hithadhoo,-0.6,73.0833,83.89,77,12,15.37,MV,2022-05-07 20:07:29,few clouds
88,Imbituba,-28.24,-48.6703,65.34,67,0,3.06,BR,2022-05-07 20:07:30,clear sky
89,Bethel,41.3712,-73.414,53.02,61,100,16.11,US,2022-05-07 20:03:55,moderate rain
90,Kavieng,-2.5744,150.7967,82.72,75,58,17.76,PG,2022-05-07 20:07:31,broken clouds
91,Sao Filipe,14.8961,-24.4956,73.71,79,44,16.89,CV,2022-05-07 20:07:32,scattered clouds
92,Kehychivka,49.2866,35.7615,47.59,59,88,7.0,UA,2022-05-07 20:07:33,overcast clouds
93,Tasiilaq,65.6145,-37.6368,32.16,70,97,5.95,GL,2022-05-07 20:07:35,overcast clouds
94,Desaguadero,-16.5656,-69.0417,55.13,36,4,13.49,PE,2022-05-07 20:07:35,clear sky
95,Fairbanks,64.8378,-147.7164,48.6,84,0,1.01,US,2022-05-07 20:07:36,clear sky
96,Butaritari,3.0707,172.7902,81.5,79,100,15.73,KI,2022-05-07 20:07:37,light rain
97,Arraial Do Cabo,-22.9661,-42.0278,73.26,83,40,6.91,BR,2022-05-07 20:07:38,scattered clouds
98,Padang,-0.9492,100.3543,77.4,84,100,3.4,ID,2022-05-07 20:07:38,light rain
99,Aklavik,68.2191,-135.0107,33.87,83,68,9.42,CA,2022-05-07 20:07:39,broken clouds
100,Lerwick,60.1545,-1.1494,46.4,67,79,7.61,GB,2022-05-07 20:07:40,broken clouds
101,Luderitz,-26.6481,15.1594,57.18,72,0,21.63,NA,2022-05-07 20:07:40,clear sky
102,Saravan,39.7196,45.6483,42.35,92,100,3.27,AM,2022-05-07 20:07:41,overcast clouds
103,Grafton,42.207,-71.6856,52.5,40,0,12.66,US,2022-05-07 20:07:42,clear sky
104,Maridi,4.9158,29.4742,70.14,86,97,1.57,SS,2022-05-07 20:07:42,overcast clouds
105,New Norfolk,-42.7826,147.0587,51.3,71,91,3.11,AU,2022-05-07 20:07:43,overcast clouds
106,Rio Grande,-32.035,-52.0986,69.91,67,0,6.26,BR,2022-05-07 20:07:45,clear sky
107,Faya,18.3851,42.4509,64.92,39,85,5.55,SA,2022-05-07 20:07:45,overcast clouds
108,Axim,4.8699,-2.2405,81.14,81,87,6.2,GH,2022-05-07 20:07:46,overcast clouds
109,Vila Velha,-20.3297,-40.2925,76.95,73,20,12.66,BR,2022-05-07 20:07:47,few clouds
110,Beringovskiy,63.05,179.3167,32.67,86,99,7.36,RU,2022-05-07 20:07:47,overcast clouds
111,Roma,43.2128,-75.4557,62.74,23,0,10.36,US,2022-05-07 20:06:54,clear sky
112,Chuy,-33.6971,-53.4616,66.29,69,51,3.69,UY,2022-05-07 20:07:48,broken clouds
113,Lulea,65.5842,22.1547,41.07,48,100,10.36,SE,2022-05-07 20:07:49,overcast clouds
114,Cabo San Lucas,22.8909,-109.9124,88.61,56,0,9.44,MX,2022-05-07 20:03:19,clear sky
115,East London,-33.0153,27.9116,64.67,87,100,18.19,ZA,2022-05-07 20:07:50,moderate rain
116,Skibbereen,51.55,-9.2667,55.11,89,100,4.29,IE,2022-05-07 20:07:52,overcast clouds
117,Puerto Ayora,-0.7393,-90.3518,78.76,79,40,9.91,EC,2022-05-07 20:07:53,scattered clouds
118,Maniitsoq,65.4167,-52.9,32.88,73,8,11.21,GL,2022-05-07 20:07:55,clear sky
119,Nikolskoye,59.7035,30.7861,52.72,87,100,3.04,RU,2022-05-07 20:07:55,overcast clouds
120,Bredasdorp,-34.5322,20.0403,54.93,89,40,1.74,ZA,2022-05-07 20:07:56,scattered clouds
121,Paamiut,61.994,-49.6678,34.18,87,57,13.67,GL,2022-05-07 20:07:57,broken clouds
122,Varzea Da Palma,-17.5981,-44.7308,84.11,43,26,5.39,BR,2022-05-07 20:07:58,scattered clouds
123,Khovu-Aksy,51.1333,93.6,48.67,55,56,4.05,RU,2022-05-07 20:07:59,broken clouds
124,Tura,25.5198,90.2201,72.73,78,0,3.13,IN,2022-05-07 20:08:00,clear sky
125,Airai,-8.9266,125.4092,60.26,96,53,4.72,TL,2022-05-07 20:08:01,broken clouds
126,Upernavik,72.7868,-56.1549,18.27,78,9,6.96,GL,2022-05-07 20:08:02,clear sky
127,Xunchang,28.4543,104.715,73.53,69,96,2.64,CN,2022-05-07 20:08:03,overcast clouds
128,Terrace,54.5163,-128.6035,51.42,55,86,2.91,CA,2022-05-07 20:08:04,overcast clouds
129,Pundaguitan,6.3711,126.1689,81.09,82,100,14.5,PH,2022-05-07 20:08:04,overcast clouds
130,Vanimo,-2.6741,141.3028,78.24,90,96,5.79,PG,2022-05-07 20:08:06,overcast clouds
131,Grand Haven,43.0631,-86.2284,67.03,32,0,10.71,US,2022-05-07 20:04:31,clear sky
132,Hovd,48.0056,91.6419,59.67,31,98,8.68,MN,2022-05-07 20:08:07,overcast clouds
133,Cidreira,-30.1811,-50.2056,65.25,69,0,6.02,BR,2022-05-07 20:08:08,clear sky
134,Belaya Glina,46.07,40.86,45.93,57,91,6.17,RU,2022-05-07 20:08:08,overcast clouds
135,Banjar,-8.19,114.9675,78.28,91,76,3.36,ID,2022-05-07 20:08:10,broken clouds
136,Kaitangata,-46.2817,169.8464,54.19,92,100,1.1,NZ,2022-05-07 20:08:10,light rain
137,Kapaa,22.0752,-159.319,80.58,83,100,19.57,US,2022-05-07 20:08:11,overcast clouds
138,Muyezerskiy,63.9333,31.65,36.93,93,100,7.23,RU,2022-05-07 20:08:12,light rain
139,Aracati,-4.5617,-37.7697,76.6,90,95,6.76,BR,2022-05-07 20:08:12,overcast clouds
140,Sao Joao Da Barra,-21.6403,-41.0511,77.09,75,1,15.82,BR,2022-05-07 20:05:05,clear sky
141,Gamba,-2.65,10.0,77.13,85,31,0.85,GA,2022-05-07 20:08:14,scattered clouds
142,Ribeira Grande,38.5167,-28.7,64.8,63,20,6.91,PT,2022-05-07 20:08:15,few clouds
143,Kruisfontein,-34.0033,24.7314,56.88,81,100,6.26,ZA,2022-05-07 20:08:15,overcast clouds
144,Aljezur,37.3191,-8.8033,60.19,81,20,5.99,PT,2022-05-07 20:08:16,few clouds
145,Souillac,-20.5167,57.5167,75.22,83,21,13.29,MU,2022-05-07 20:08:17,few clouds
146,Nishihara,26.1842,127.7558,75.25,97,100,11.5,JP,2022-05-07 20:08:18,overcast clouds
147,Loandjili,-4.7561,11.8578,77.99,84,95,3.98,CG,2022-05-07 20:08:18,overcast clouds
148,Puerto Leguizamo,-0.1934,-74.7819,73.22,90,100,2.08,CO,2022-05-07 20:08:20,overcast clouds
149,Kampong Thum,12.7111,104.8887,77.88,89,100,3.85,KH,2022-05-07 20:08:20,overcast clouds
150,West Lafayette,40.4259,-86.9081,68.22,42,20,12.66,US,2022-05-07 20:04:06,few clouds
151,Shimoda,34.6667,138.95,62.1,91,66,4.34,JP,2022-05-07 20:08:21,broken clouds
152,Port Lincoln,-34.7333,135.8667,55.49,79,1,2.42,AU,2022-05-07 20:07:49,clear sky
153,Puerto Carreno,6.189,-67.4859,81.72,74,88,10.0,CO,2022-05-07 20:08:23,overcast clouds
154,Galle,6.0367,80.217,81.97,87,100,11.3,LK,2022-05-07 20:08:24,overcast clouds
155,Tiznit,29.5833,-9.5,77.88,20,42,3.18,MA,2022-05-07 20:08:25,scattered clouds
156,Tiksi,71.6872,128.8694,6.15,96,13,7.16,RU,2022-05-07 20:08:26,few clouds
157,Te Anau,-45.4167,167.7167,56.95,96,100,1.07,NZ,2022-05-07 20:08:27,moderate rain
158,Saint George,37.1041,-113.5841,90.63,16,0,21.85,US,2022-05-07 20:08:28,clear sky
159,Busselton,-33.65,115.3333,59.9,65,84,3.13,AU,2022-05-07 20:08:29,broken clouds
160,Dwarka,22.2394,68.9678,81.86,75,0,12.91,IN,2022-05-07 20:08:30,clear sky
161,Castro,-24.7911,-50.0119,61.41,65,72,3.36,BR,2022-05-07 20:06:54,broken clouds
162,Gangapur,26.4833,76.7167,89.55,14,2,8.39,IN,2022-05-07 20:08:32,clear sky
163,Miatli,43.0817,46.8286,47.98,92,100,8.23,RU,2022-05-07 20:08:33,overcast clouds
164,Ryki,51.6257,21.9327,55.06,43,20,2.3,PL,2022-05-07 20:08:35,few clouds
165,Ekangala,-25.6962,28.7492,60.3,39,12,3.4,ZA,2022-05-07 20:08:35,few clouds
166,Buala,-8.145,159.5921,80.37,83,93,7.2,SB,2022-05-07 20:08:36,light rain
167,Najran,17.4924,44.1277,82.31,39,39,9.28,SA,2022-05-07 20:08:36,scattered clouds
168,Chokurdakh,70.6333,147.9167,14.14,95,98,9.93,RU,2022-05-07 20:08:37,overcast clouds
169,Jumla,29.2747,82.1838,53.47,85,81,1.43,NP,2022-05-07 20:08:38,broken clouds
170,Batticaloa,7.7102,81.6924,81.64,79,100,5.14,LK,2022-05-07 20:08:40,overcast clouds
171,Camiri,-20.05,-63.5167,80.38,36,40,0.0,BO,2022-05-07 20:08:41,scattered clouds
172,Tuktoyaktuk,69.4541,-133.0374,31.39,89,100,8.86,CA,2022-05-07 20:08:42,overcast clouds
173,Iquique,-20.2208,-70.1431,66.24,74,51,4.32,CL,2022-05-07 20:08:42,broken clouds
174,Chapais,49.7834,-74.8492,48.79,37,15,3.51,CA,2022-05-07 20:08:44,few clouds
175,Wanning,18.8003,110.3967,76.68,89,100,4.81,CN,2022-05-07 20:08:46,overcast clouds
176,Taoudenni,22.6783,-3.9836,91.4,10,0,10.4,ML,2022-05-07 20:08:47,clear sky
177,Dilla,6.41,38.31,63.59,84,84,4.12,ET,2022-05-07 20:08:48,broken clouds
178,Utete,-7.986,38.758,71.96,95,14,4.21,TZ,2022-05-07 20:08:50,few clouds
179,Miandrivazo,-19.5167,45.4667,76.98,77,56,2.1,MG,2022-05-07 20:08:51,broken clouds
180,Fort Nelson,58.8053,-122.7002,39.36,82,100,14.54,CA,2022-05-07 20:08:52,light rain
181,Vestmannaeyjar,63.4427,-20.2734,44.6,86,100,25.93,IS,2022-05-07 20:08:53,overcast clouds
182,Hervey Bay,-25.2986,152.8535,69.12,91,83,13.69,AU,2022-05-07 20:08:54,light rain
183,Goderich,43.7501,-81.7165,52.92,54,7,7.11,CA,2022-05-07 20:04:24,clear sky
184,Shache,38.4167,77.2406,68.88,34,9,4.41,CN,2022-05-07 20:08:55,clear sky
185,Shiyan,32.6475,110.7781,56.84,83,47,1.86,CN,2022-05-07 20:08:56,scattered clouds
186,Kensington,-33.9167,151.2167,52.36,70,20,11.5,AU,2022-05-07 20:08:58,few clouds
187,Touros,-5.1989,-35.4608,76.08,86,100,11.83,BR,2022-05-07 20:05:26,moderate rain
188,Porto Novo,6.4965,2.6036,79.63,82,46,5.14,BJ,2022-05-07 20:08:58,scattered clouds
189,Bengkulu,-3.8004,102.2655,76.73,84,100,0.83,ID,2022-05-07 20:09:00,overcast clouds
190,Victoria,22.2855,114.1577,77.38,76,100,8.01,HK,2022-05-07 20:08:18,overcast clouds
191,San Quintin,30.4833,-115.95,66.2,69,8,11.74,MX,2022-05-07 20:09:03,clear sky
192,Pemangkat,1.1667,108.9667,77.72,88,86,6.8,ID,2022-05-07 20:09:04,overcast clouds
193,Caraballeda,10.6112,-66.8522,86.07,74,75,6.91,VE,2022-05-07 20:09:05,broken clouds
194,Tuy Hoa,13.0833,109.3,76.75,91,97,3.18,VN,2022-05-07 20:04:55,overcast clouds
195,Marsh Harbour,26.5412,-77.0636,81.18,67,3,16.75,BS,2022-05-07 20:05:40,clear sky
196,Baruun-Urt,46.6806,113.2792,37.63,41,0,4.81,MN,2022-05-07 20:09:07,clear sky
197,Teguise,29.0605,-13.564,68.22,64,0,16.11,ES,2022-05-07 20:09:07,clear sky
198,Sawtell,-30.3833,153.1,59.18,82,100,9.22,AU,2022-05-07 20:09:08,overcast clouds
199,Karratha,-20.7377,116.8463,75.36,66,66,8.32,AU,2022-05-07 20:09:09,broken clouds
200,Saldanha,-33.0117,17.9442,58.89,70,0,20.96,ZA,2022-05-07 20:09:10,clear sky
201,Lavrentiya,65.5833,-171.0,28.85,91,60,6.69,RU,2022-05-07 20:09:11,broken clouds
202,Grandview,38.8858,-94.533,74.16,55,0,11.5,US,2022-05-07 20:09:12,clear sky
203,Coihaique,-45.5752,-72.0662,56.01,94,100,4.61,CL,2022-05-07 20:09:13,light rain
204,Gao,16.6362,1.637,95.83,13,100,7.61,ML,2022-05-07 20:05:51,overcast clouds
205,Polunochnoye,60.8697,60.4153,38.53,90,30,5.12,RU,2022-05-07 20:09:14,scattered clouds
206,Kodiak,57.79,-152.4072,54.91,41,0,12.66,US,2022-05-07 20:07:01,clear sky
207,Dakoro,14.5106,6.765,97.23,13,99,3.24,NE,2022-05-07 20:09:15,overcast clouds
208,Labuhan,-6.8844,112.2051,78.94,87,63,5.44,ID,2022-05-07 20:09:16,broken clouds
209,Viloco,-16.95,-67.55,50.83,55,44,6.55,BO,2022-05-07 20:09:17,scattered clouds
210,Tureni,46.6293,23.7024,54.86,82,0,6.91,RO,2022-05-07 20:09:18,clear sky
211,Mahon,39.8885,4.2658,61.36,67,20,3.44,ES,2022-05-07 20:09:18,few clouds
212,Moussoro,13.6408,16.4901,96.04,12,65,4.81,TD,2022-05-07 20:09:19,broken clouds
213,Halifax,44.6453,-63.5724,53.69,50,99,8.01,CA,2022-05-07 20:07:55,overcast clouds
214,Newton,42.337,-71.2092,53.74,42,0,25.32,US,2022-05-07 20:06:40,clear sky
215,Abu Kamal,34.4506,40.9171,67.55,34,2,7.49,SY,2022-05-07 20:09:22,clear sky
216,Traiguen,-38.25,-72.6833,65.55,52,11,5.84,CL,2022-05-07 20:09:22,few clouds
217,Nakasongola,1.3089,32.4564,67.01,86,31,4.81,UG,2022-05-07 20:09:23,scattered clouds
218,Shenzhen,22.5455,114.0683,77.27,87,100,3.2,CN,2022-05-07 20:09:24,overcast clouds
219,Sysert,56.4953,60.8192,39.18,75,6,6.31,RU,2022-05-07 20:09:24,clear sky
220,Esperance,-33.8667,121.9,57.54,48,100,18.05,AU,2022-05-07 20:09:25,overcast clouds
221,San Isidro,-12.1167,-77.05,71.19,68,0,10.36,PE,2022-05-07 20:09:26,clear sky
222,Monetnyy,57.0472,60.8794,38.62,75,22,7.7,RU,2022-05-07 20:09:26,few clouds
223,Gigmoto,13.7796,124.39,79.81,87,82,9.04,PH,2022-05-07 20:09:27,broken clouds
224,Boma,7.0805,-2.1697,78.91,68,98,2.28,GH,2022-05-07 20:09:27,overcast clouds
225,Big Spring,32.2504,-101.4787,102.65,4,0,17.27,US,2022-05-07 20:09:03,clear sky
226,Bundaberg,-24.85,152.35,62.89,94,40,9.22,AU,2022-05-07 20:09:28,moderate rain
227,Samana,19.2056,-69.3369,88.02,74,20,9.22,DO,2022-05-07 20:09:29,few clouds
228,Gbadolite,4.2833,21.0167,73.94,78,67,3.96,CD,2022-05-07 20:09:31,broken clouds
229,Katsuura,35.1333,140.3,60.82,92,18,5.79,JP,2022-05-07 20:09:31,few clouds
230,Mandera,3.9366,41.867,83.71,61,100,12.33,KE,2022-05-07 20:09:33,overcast clouds
231,Mae Sai,20.4335,99.8762,72.91,95,78,1.07,TH,2022-05-07 20:09:34,broken clouds
232,Misratah,32.3754,15.0925,65.44,69,9,11.18,LY,2022-05-07 20:09:35,clear sky
233,Dahanu,19.9667,72.7333,82.47,77,0,3.58,IN,2022-05-07 20:09:35,clear sky
234,Oda,35.1833,132.5,55.42,70,94,13.31,JP,2022-05-07 20:09:36,overcast clouds
235,Saskylakh,71.9167,114.0833,0.16,98,18,7.2,RU,2022-05-07 20:09:36,few clouds
236,Kangaatsiaq,68.3065,-53.4641,27.36,76,9,7.43,GL,2022-05-07 20:09:37,clear sky
237,Oktyabrskiy,54.4815,53.471,44.96,59,5,3.83,RU,2022-05-07 20:09:37,clear sky
238,Weatherford,32.7593,-97.7972,91.94,61,0,14.07,US,2022-05-07 20:09:38,clear sky
239,Indore,22.7179,75.8333,88.77,22,6,4.74,IN,2022-05-07 20:09:39,clear sky
240,Narok,-1.0783,35.8601,59.07,94,94,3.36,KE,2022-05-07 20:09:40,light rain
241,Pangnirtung,66.1451,-65.7125,24.82,71,100,3.31,CA,2022-05-07 20:09:40,overcast clouds
242,Aksu,41.1231,80.2644,70.5,34,3,6.91,CN,2022-05-07 20:09:41,clear sky
243,San Cristobal,7.7669,-72.225,77.18,73,83,5.75,VE,2022-05-07 20:09:42,broken clouds
244,Gorele,41.0308,39.0031,49.87,90,96,8.1,TR,2022-05-07 20:09:43,overcast clouds
245,Urumqi,43.801,87.6005,61.75,72,75,13.42,CN,2022-05-07 20:09:44,broken clouds
246,Zhigansk,66.7697,123.3711,22.91,87,100,7.85,RU,2022-05-07 20:09:45,overcast clouds
247,Oleksandrivka,48.9634,32.2349,51.1,54,94,6.49,UA,2022-05-07 20:09:46,overcast clouds
248,Vila Do Maio,15.1333,-23.2167,74.19,83,22,19.98,CV,2022-05-07 20:09:47,few clouds
249,Fortuna,40.5982,-124.1573,55.74,83,100,13.8,US,2022-05-07 20:09:48,light rain
250,Mount Gambier,-37.8333,140.7667,51.08,84,87,4.76,AU,2022-05-07 20:09:49,overcast clouds
251,Coos Bay,43.3665,-124.2179,54.99,80,40,13.8,US,2022-05-07 20:05:56,scattered clouds
252,Merauke,-8.4667,140.3333,79.09,89,100,10.89,ID,2022-05-07 20:09:51,heavy intensity rain
253,Black River,18.0264,-77.8487,83.61,70,13,12.68,JM,2022-05-07 20:09:51,few clouds
254,Chifeng,42.2683,118.9636,49.57,21,100,6.53,CN,2022-05-07 20:09:52,overcast clouds
255,Namibe,-15.1961,12.1522,72.79,71,1,4.38,AO,2022-05-07 20:09:53,clear sky
256,Kagal,16.5833,74.3167,76.78,71,7,6.13,IN,2022-05-07 20:09:55,clear sky
257,Port Elizabeth,-33.918,25.5701,60.31,82,100,3.0,ZA,2022-05-07 20:09:56,overcast clouds
258,Geraldton,-28.7667,114.6,55.81,82,75,6.91,AU,2022-05-07 20:09:57,broken clouds
259,Bartica,6.4,-58.6167,82.72,90,100,2.17,GY,2022-05-07 20:09:58,light rain
260,Port-Gentil,-0.7193,8.7815,78.76,94,20,3.44,GA,2022-05-07 20:09:58,thunderstorm
261,Melenki,55.3343,41.6295,44.67,77,26,6.76,RU,2022-05-07 20:09:59,scattered clouds
262,Mehamn,71.0357,27.8492,34.77,96,100,33.44,NO,2022-05-07 20:10:01,light snow
263,Suntar,62.1444,117.6319,34.75,83,100,7.4,RU,2022-05-07 20:10:03,overcast clouds
264,Salalah,17.0151,54.0924,84.29,79,20,5.75,OM,2022-05-07 20:10:03,few clouds
265,Hami,42.8,93.45,71.49,30,12,7.63,CN,2022-05-07 20:10:04,few clouds
266,Dimitrovgrad,54.2139,49.6184,44.85,55,0,3.67,RU,2022-05-07 20:10:06,clear sky
267,Kasongo-Lunda,-6.4667,16.8167,73.02,87,98,0.6,CD,2022-05-07 20:10:07,light rain
268,Lata,40.1629,-8.3327,61.86,62,100,1.95,PT,2022-05-07 20:10:12,overcast clouds
269,Portland,45.5234,-122.6762,54.84,76,100,9.22,US,2022-05-07 20:05:16,overcast clouds
270,Port Hardy,50.6996,-127.4199,50.18,57,75,5.75,CA,2022-05-07 20:10:13,light intensity shower rain
271,Biloela,-24.4167,150.5,60.17,80,59,8.93,AU,2022-05-07 20:10:14,light rain
272,Bambous Virieux,-20.3428,57.7575,77.22,78,25,15.1,MU,2022-05-07 20:10:15,scattered clouds
273,Pochutla,15.7432,-96.4661,93.02,34,73,9.95,MX,2022-05-07 20:10:16,broken clouds
274,Ponta Do Sol,32.6667,-17.1,65.12,70,34,7.4,PT,2022-05-07 20:10:17,scattered clouds
275,Riyadh,24.6877,46.7219,78.94,19,0,17.58,SA,2022-05-07 20:05:56,clear sky
276,Wamba,8.9333,8.6,75.06,78,93,12.35,NG,2022-05-07 20:10:18,moderate rain
277,Bela,25.9333,81.9833,87.69,27,0,6.96,IN,2022-05-07 20:10:20,clear sky
278,Torbay,47.6666,-52.7314,43.57,64,100,5.99,CA,2022-05-07 20:10:21,overcast clouds
279,Berlevag,70.8578,29.0864,37.2,89,92,32.7,NO,2022-05-07 20:10:22,overcast clouds
280,Almaznyy,48.0448,40.045,44.42,51,100,6.93,RU,2022-05-07 20:10:23,overcast clouds
281,Svetlyy,54.675,20.1347,50.05,87,99,7.47,RU,2022-05-07 20:10:25,overcast clouds
282,Aksarka,66.5606,67.7975,19.6,96,65,7.49,RU,2022-05-07 20:10:26,broken clouds
283,Tabou,4.423,-7.3528,81.75,80,100,8.72,CI,2022-05-07 20:10:26,overcast clouds
284,Yeppoon,-23.1333,150.7333,65.98,84,100,7.81,AU,2022-05-07 20:10:27,overcast clouds
285,Ina,35.8276,137.9538,53.71,85,58,5.01,JP,2022-05-07 20:10:28,broken clouds
286,Fairlie,55.756,-4.8556,57.4,84,84,3.58,GB,2022-05-07 20:10:29,broken clouds
287,Tilichiki,60.4667,166.1,31.39,99,100,5.21,RU,2022-05-07 20:10:30,overcast clouds
288,Tanda,26.55,82.65,86.43,31,0,5.26,IN,2022-05-07 20:10:31,clear sky
289,Langenburg,49.2544,9.8458,59.7,53,75,5.75,DE,2022-05-07 20:10:33,broken clouds
290,Rujewa,-8.7,34.3833,68.07,73,18,10.27,TZ,2022-05-07 20:10:34,few clouds
291,Dolores,-36.3132,-57.6792,69.48,60,9,7.58,AR,2022-05-07 20:10:35,clear sky
292,Wad Rawah,15.1603,33.1397,94.78,6,66,18.25,SD,2022-05-07 20:10:35,broken clouds
293,Talnakh,69.4865,88.3972,7.5,81,4,13.53,RU,2022-05-07 20:10:36,clear sky
294,Coquimbo,-29.9533,-71.3436,60.53,72,75,3.44,CL,2022-05-07 20:10:37,broken clouds
295,Jamame,0.0722,42.7506,77.74,91,79,5.03,SO,2022-05-07 20:10:38,broken clouds
296,Tarnos,43.5417,-1.4628,62.55,94,100,6.91,FR,2022-05-07 20:10:38,overcast clouds
297,Srednekolymsk,67.45,153.6833,22.66,94,99,9.4,RU,2022-05-07 20:10:39,light snow
298,Kenai,60.5544,-151.2583,57.02,56,0,10.36,US,2022-05-07 20:10:40,clear sky
299,Culiacan,24.7994,-107.3897,85.68,54,0,8.05,MX,2022-05-07 20:08:07,clear sky
300,Makakilo City,21.3469,-158.0858,79.12,64,100,16.11,US,2022-05-07 20:10:41,overcast clouds
301,Genoa,44.4129,8.9573,67.42,69,0,8.05,IT,2022-05-07 20:05:48,clear sky
302,Alofi,-19.0595,-169.9187,76.89,94,75,10.36,NU,2022-05-07 20:10:45,broken clouds
303,Ulladulla,-35.35,150.4667,51.35,69,0,7.85,AU,2022-05-07 20:10:46,clear sky
304,Canandaigua,42.8742,-77.288,59.25,55,84,1.99,US,2022-05-07 20:07:10,broken clouds
305,Guerrero Negro,27.9769,-114.0611,69.15,60,9,15.68,MX,2022-05-07 20:10:48,clear sky
306,Tando Muhammad Khan,25.123,68.5358,82.17,65,0,15.7,PK,2022-05-07 20:10:48,clear sky
307,Shubarshi,48.5872,57.1869,51.87,34,100,20.0,KZ,2022-05-07 20:10:49,overcast clouds
308,Turinsk,58.0458,63.696,42.69,85,16,9.37,RU,2022-05-07 20:10:50,few clouds
309,Tahoua,14.8888,5.2692,95.13,13,100,9.17,NE,2022-05-07 20:10:51,overcast clouds
310,Constantine,36.365,6.6147,53.01,82,75,8.05,DZ,2022-05-07 20:09:21,broken clouds
311,Myingyan,21.4667,95.3833,85.03,62,73,10.11,MM,2022-05-07 20:10:53,broken clouds
312,Ormara,25.2088,64.6357,81.23,83,0,13.94,PK,2022-05-07 20:10:55,clear sky
313,Santa Cruz,-17.8,-63.1667,81.86,41,0,6.91,BO,2022-05-07 20:10:56,clear sky
314,Melito Di Porto Salvo,37.9222,15.7714,64.74,77,75,12.66,IT,2022-05-07 20:10:57,broken clouds
315,Faanui,-16.4833,-151.75,81.37,76,0,7.47,PF,2022-05-07 20:10:57,clear sky
316,Luanda,-8.8368,13.2343,78.8,89,40,4.61,AO,2022-05-07 20:10:58,scattered clouds
317,Russell,32.3502,-85.1999,79.97,42,20,17.27,US,2022-05-07 20:10:58,few clouds
318,Ust-Maya,60.4167,134.5333,35.42,99,100,2.8,RU,2022-05-07 20:10:59,overcast clouds
319,Sinnamary,5.3833,-52.95,80.17,84,95,10.36,GF,2022-05-07 20:11:00,overcast clouds
320,Iqaluit,63.7506,-68.5145,29.7,42,70,10.0,CA,2022-05-07 20:11:02,broken clouds
321,Van Wert,40.8695,-84.5841,63.88,52,0,20.71,US,2022-05-07 20:10:23,clear sky
322,Franca,-20.5386,-47.4008,73.31,56,20,4.97,BR,2022-05-07 20:10:12,few clouds
323,Longyearbyen,78.2186,15.6401,13.84,62,40,11.5,SJ,2022-05-07 20:11:04,scattered clouds
324,Sadovoye,47.7764,44.5089,52.16,44,100,14.25,RU,2022-05-07 20:11:06,overcast clouds
325,Malyye Derbety,47.9547,44.6808,52.66,43,100,14.41,RU,2022-05-07 20:11:07,overcast clouds
326,Camacupa,-12.0167,17.4833,63.82,72,39,3.8,AO,2022-05-07 20:11:08,scattered clouds
327,Nouakchott,18.0858,-15.9785,69.91,70,1,18.97,MR,2022-05-07 20:07:09,clear sky
328,Brae,60.3964,-1.353,44.19,66,87,6.38,GB,2022-05-07 20:11:09,overcast clouds
329,Dunedin,-45.8742,170.5036,61.81,57,100,3.94,NZ,2022-05-07 20:11:10,overcast clouds
330,Rangoon,16.8053,96.1561,82.36,83,75,5.75,MM,2022-05-07 20:10:37,broken clouds
331,Ust-Kulom,61.6864,53.6902,45.73,77,36,6.46,RU,2022-05-07 20:11:11,scattered clouds
332,Chunoyar,57.4467,97.3217,37.26,52,22,14.14,RU,2022-05-07 20:11:12,few clouds
333,Thunder Bay,48.4001,-89.3168,54.3,51,15,7.9,CA,2022-05-07 20:10:50,few clouds
334,Kasama,-10.2129,31.1808,62.17,80,78,4.9,ZM,2022-05-07 20:11:13,broken clouds
335,Jacareacanga,-6.2222,-57.7528,81.64,83,100,1.59,BR,2022-05-07 20:11:14,overcast clouds
336,Iraquara,-12.2486,-41.6194,81.54,35,0,8.7,BR,2022-05-07 20:11:16,clear sky
337,Laguna,38.421,-121.4238,73.69,39,0,4.0,US,2022-05-07 20:11:17,clear sky
338,Dzilam Gonzalez,21.2833,-88.9333,97.56,40,3,9.46,MX,2022-05-07 20:11:18,clear sky
339,Avera,33.194,-82.5271,71.65,43,76,17.22,US,2022-05-07 20:11:19,broken clouds
340,Bonavista,48.6499,-53.1147,37.53,66,81,20.36,CA,2022-05-07 20:11:19,broken clouds
341,Farcasesti,44.8667,23.2,51.58,64,92,4.56,RO,2022-05-07 20:11:23,overcast clouds
342,Sydney,-33.8679,151.2073,51.96,69,20,11.5,AU,2022-05-07 20:11:21,few clouds
343,Am Timan,11.0297,20.2827,91.26,31,100,5.82,TD,2022-05-07 20:11:24,overcast clouds
344,Lensk,60.7253,114.9278,42.8,88,100,13.67,RU,2022-05-07 20:11:25,moderate rain
345,Fukue,32.6881,128.8419,63.37,86,100,18.25,JP,2022-05-07 20:11:26,overcast clouds
346,Isla Mujeres,21.2311,-86.731,87.85,68,3,12.93,MX,2022-05-07 20:11:27,clear sky
347,Ambilobe,-13.2,49.05,73.11,87,19,4.23,MG,2022-05-07 20:11:28,few clouds
348,Florianopolis,-27.6146,-48.5012,67.23,56,0,9.22,BR,2022-05-07 20:10:59,clear sky
349,Mananjary,-21.2167,48.3333,73.6,92,18,7.92,MG,2022-05-07 20:11:29,few clouds
350,Puerto Gaitan,4.3133,-72.0816,73.08,96,100,9.19,CO,2022-05-07 20:07:10,overcast clouds
351,Pucara,-15.9803,-71.4606,48.42,46,31,12.44,PE,2022-05-07 20:11:32,scattered clouds
352,Maarianhamina,60.0973,19.9348,37.26,87,0,2.3,AX,2022-05-07 20:11:32,clear sky
353,Yinchuan,38.4681,106.2731,62.8,43,100,14.38,CN,2022-05-07 20:11:33,overcast clouds
354,Forbes,-33.3833,148.0167,39.2,77,3,1.32,AU,2022-05-07 20:11:34,clear sky
355,Haines Junction,60.7522,-137.5108,36.19,95,100,1.86,CA,2022-05-07 20:11:35,moderate rain
356,Zaragoza,41.6561,-0.8773,69.03,42,0,16.11,ES,2022-05-07 20:11:35,clear sky
357,Sambava,-14.2667,50.1667,75.83,85,18,6.38,MG,2022-05-07 20:11:36,light rain
358,Deputatskiy,69.3,139.9,2.12,95,47,5.5,RU,2022-05-07 20:11:36,scattered clouds
359,Tessalit,20.1986,1.0114,89.08,11,30,15.84,ML,2022-05-07 20:11:37,scattered clouds
360,La Ronge,55.1001,-105.2842,54.57,45,92,5.84,CA,2022-05-07 20:11:38,overcast clouds
361,Flinders,-34.5833,150.8552,56.17,64,0,11.01,AU,2022-05-07 20:11:38,clear sky
362,Roald,62.5833,6.1333,43.32,70,100,25.32,NO,2022-05-07 20:11:39,light rain
363,Lompoc,34.6391,-120.4579,76.69,63,0,17.27,US,2022-05-07 20:11:39,clear sky
364,Tatarsk,55.219,75.9828,34.61,50,0,6.98,RU,2022-05-07 20:11:40,clear sky
365,Paita,-5.0892,-81.1144,74.12,71,1,16.33,PE,2022-05-07 20:11:42,clear sky
366,Petropavlovsk-Kamchatskiy,53.0452,158.6483,46.99,71,0,6.71,RU,2022-05-07 20:11:43,clear sky
367,Abha,18.2164,42.5053,64.65,72,0,4.61,SA,2022-05-07 20:11:44,clear sky
368,Gat,31.61,34.7642,65.08,100,47,4.63,IL,2022-05-07 20:11:44,scattered clouds
369,Kurilsk,45.2333,147.8833,44.91,96,100,17.11,RU,2022-05-07 20:11:47,moderate rain
370,San Patricio,28.017,-97.5169,99.32,38,0,14.88,US,2022-05-07 20:11:48,clear sky
371,Arawa,-6.2132,155.5367,77.0,90,52,1.34,PG,2022-05-07 20:11:49,broken clouds
372,Ushumun,52.7833,126.5333,31.3,47,0,2.24,RU,2022-05-07 20:11:51,clear sky
373,Sorong,-0.8833,131.25,79.61,84,36,3.85,ID,2022-05-07 20:11:51,scattered clouds
374,Hearst,49.6835,-83.6665,62.46,21,18,5.66,CA,2022-05-07 20:10:01,few clouds
375,Nanortalik,60.1432,-45.2371,39.9,74,100,5.55,GL,2022-05-07 20:11:53,overcast clouds
376,Teguldet,57.3064,88.1667,27.52,83,100,13.42,RU,2022-05-07 20:11:53,overcast clouds
377,Lufilufi,-13.8745,-171.5986,77.79,77,14,10.71,WS,2022-05-07 20:11:55,light rain
378,Stornoway,58.2093,-6.3865,49.96,74,100,1.14,GB,2022-05-07 20:11:56,overcast clouds
379,Yarmouth,41.7057,-70.2286,50.14,76,0,25.99,US,2022-05-07 20:11:56,clear sky
380,Plouzane,48.3833,-4.6167,53.65,85,0,9.22,FR,2022-05-07 20:11:58,clear sky
381,Tambo,-14.8,-73.9167,50.05,46,45,10.09,PE,2022-05-07 20:11:58,scattered clouds
382,Stokmarknes,68.5646,14.9108,35.58,75,75,21.85,NO,2022-05-07 20:12:00,broken clouds
383,Alyangula,-13.8483,136.4192,80.67,67,44,16.22,AU,2022-05-07 20:12:01,scattered clouds
384,Tiarei,-17.5333,-149.3333,82.42,77,16,3.47,PF,2022-05-07 20:12:03,light rain
385,Hamilton,39.1834,-84.5333,62.06,74,100,18.41,US,2022-05-07 20:08:11,overcast clouds
386,Batsfjord,70.6345,29.7185,37.18,75,20,50.64,NO,2022-05-07 20:12:04,few clouds
387,Namatanai,-3.6667,152.4333,79.5,84,54,8.3,PG,2022-05-07 20:12:06,broken clouds
388,Ciudad Del Maiz,22.4,-99.6,94.69,23,0,2.46,MX,2022-05-07 20:12:07,clear sky
389,Hay River,60.8156,-115.7999,33.76,100,100,10.36,CA,2022-05-07 20:12:08,light rain
390,Nchelenge,-9.3451,28.734,74.28,68,87,1.72,ZM,2022-05-07 20:12:09,overcast clouds
391,Sokolo,14.7328,-6.1219,100.4,15,66,3.56,ML,2022-05-07 20:12:10,broken clouds
392,Port Blair,11.6667,92.75,82.2,83,100,19.55,IN,2022-05-07 20:12:11,overcast clouds
393,Itarema,-2.9248,-39.9167,80.56,85,98,9.19,BR,2022-05-07 20:12:11,overcast clouds
394,Grand Gaube,-20.0064,57.6608,77.38,73,9,5.99,MU,2022-05-07 20:12:12,clear sky
395,Valdivia,-39.8142,-73.2459,60.89,69,20,3.8,CL,2022-05-07 20:12:13,few clouds
396,Acarau,-2.8856,-40.12,80.58,84,80,8.88,BR,2022-05-07 20:12:13,broken clouds
397,Sistranda,63.7256,8.834,37.36,92,100,26.24,NO,2022-05-07 20:12:14,light rain
398,Hofn,64.2539,-15.2082,44.1,77,10,11.74,IS,2022-05-07 20:12:15,clear sky
399,Latung,5.5,120.8833,82.56,78,100,4.92,PH,2022-05-07 20:12:16,overcast clouds
400,Severo-Kurilsk,50.6789,156.125,39.85,91,100,4.21,RU,2022-05-07 20:08:58,overcast clouds
401,Cine,37.6117,28.0614,60.91,42,8,2.3,TR,2022-05-07 20:12:17,clear sky
402,Ust-Kuyga,70.0167,135.6,4.33,97,92,6.69,RU,2022-05-07 20:12:18,overcast clouds
403,Comodoro Rivadavia,-45.8667,-67.5,71.46,43,0,14.97,AR,2022-05-07 20:12:18,clear sky
404,Alta Floresta,-9.8756,-56.0861,83.71,76,56,1.16,BR,2022-05-07 20:12:21,broken clouds
405,Quatre Cocos,-20.2078,57.7625,77.09,79,30,15.05,MU,2022-05-07 20:12:22,scattered clouds
406,Cururupu,-1.8283,-44.8683,78.94,87,96,3.76,BR,2022-05-07 20:12:24,overcast clouds
407,Rabo De Peixe,37.8,-25.5833,63.91,88,20,3.44,PT,2022-05-07 20:12:25,few clouds
408,Caravelas,-17.7125,-39.2481,74.34,90,90,12.59,BR,2022-05-07 20:12:26,overcast clouds
409,Andreapol,56.6513,32.2664,47.32,95,44,6.85,RU,2022-05-07 20:12:26,scattered clouds
410,Camacha,33.0833,-16.3333,60.22,77,20,9.22,PT,2022-05-07 20:12:27,few clouds
411,Narsaq,60.9167,-46.05,52.02,70,100,5.44,GL,2022-05-07 20:12:28,overcast clouds
412,Ketchikan,55.3422,-131.6461,52.27,50,40,11.5,US,2022-05-07 20:12:29,scattered clouds
413,Sur,22.5667,59.5289,84.76,62,0,11.61,OM,2022-05-07 20:12:30,clear sky
414,Carroll,39.5501,-77.0164,49.23,86,100,12.66,US,2022-05-07 20:12:30,light rain
415,Port Macquarie,-31.4333,152.9167,49.89,67,78,7.14,AU,2022-05-07 20:12:32,broken clouds
416,Flin Flon,54.7682,-101.865,64.56,50,96,9.6,CA,2022-05-07 20:12:33,overcast clouds
417,Yantzaza,-3.8278,-78.7594,76.71,89,29,2.13,EC,2022-05-07 20:12:34,moderate rain
418,Sibolga,1.7427,98.7792,75.85,90,100,1.52,ID,2022-05-07 20:12:34,light rain
419,Gondar,12.6,37.4667,69.1,39,97,5.5,ET,2022-05-07 20:12:36,overcast clouds
420,Zyryanovsk,49.7386,84.2719,47.89,79,100,4.94,KZ,2022-05-07 20:12:37,overcast clouds
421,Burla,21.5,83.8667,82.33,44,51,4.7,IN,2022-05-07 20:12:38,broken clouds
422,Amarpur,25.0333,86.9,84.54,50,1,5.19,IN,2022-05-07 20:08:11,clear sky
423,Dawlatabad,36.4141,64.9053,81.5,26,98,6.11,AF,2022-05-07 20:12:38,overcast clouds
424,Jining,35.405,116.5814,52.43,44,47,5.46,CN,2022-05-07 20:12:39,scattered clouds
425,Mahebourg,-20.4081,57.7,77.25,79,21,15.08,MU,2022-05-07 20:12:40,few clouds
426,Mwinilunga,-11.7358,24.4293,63.37,72,51,3.29,ZM,2022-05-07 20:12:42,broken clouds
427,Port Hedland,-20.3167,118.5667,69.85,56,28,6.91,AU,2022-05-07 20:12:44,scattered clouds
428,Quesnel,52.9999,-122.5029,55.6,36,100,2.73,CA,2022-05-07 20:10:25,overcast clouds
429,Port Keats,-14.25,129.55,72.36,36,0,12.59,AU,2022-05-07 20:12:45,clear sky
430,Sisimiut,66.9395,-53.6735,33.08,58,1,8.23,GL,2022-05-07 20:12:47,clear sky
431,Lancut,50.0687,22.2291,55.24,81,0,2.3,PL,2022-05-07 20:12:48,clear sky
432,Kalmunai,7.4167,81.8167,81.9,80,100,1.19,LK,2022-05-07 20:09:22,overcast clouds
433,Vestmanna,62.1564,-7.1664,43.72,81,100,4.61,FO,2022-05-07 20:12:49,overcast clouds
434,Boende,-0.2167,20.8667,73.44,87,68,3.44,CD,2022-05-07 20:12:50,broken clouds
435,Bayan,46.0833,127.4,41.94,69,10,3.15,CN,2022-05-07 20:12:51,clear sky
436,Agadez,19.75,10.25,91.4,15,67,11.5,NE,2022-05-07 20:12:52,broken clouds
437,Poum,-20.2333,164.0167,76.84,71,34,18.32,NC,2022-05-07 20:12:54,scattered clouds
438,Ilulissat,69.2167,-51.1,28.42,54,0,5.75,GL,2022-05-07 20:12:56,clear sky
439,Leh,34.1667,77.5833,47.39,47,92,5.26,IN,2022-05-07 20:12:57,overcast clouds
440,Manta,-0.95,-80.7333,80.38,78,75,17.27,EC,2022-05-07 20:12:58,broken clouds
441,Nordhausen,51.5167,10.8,59.77,93,100,4.03,DE,2022-05-07 20:12:59,overcast clouds
442,Mahina,-17.5065,-149.489,82.17,74,75,8.05,PF,2022-05-07 20:13:00,light rain
443,Constitucion,-35.3333,-72.4167,60.76,65,3,13.09,CL,2022-05-07 20:10:56,clear sky
444,Kodinar,20.7903,70.7031,81.84,67,0,14.61,IN,2022-05-07 20:13:01,clear sky
445,Atar,20.5169,-13.0499,95.23,10,6,9.71,MR,2022-05-07 20:13:03,clear sky
446,Nossa Senhora Das Dores,-10.4917,-37.1933,77.11,70,44,10.29,BR,2022-05-07 20:13:05,scattered clouds
447,Trincomalee,8.5711,81.2335,80.8,85,100,12.55,LK,2022-05-07 20:13:07,overcast clouds
448,Partizanskoye,55.5006,94.39,40.35,38,97,18.28,RU,2022-05-07 20:13:07,overcast clouds
449,Manadhoo,5.7667,73.3833,85.05,70,94,12.59,MV,2022-05-07 20:13:08,overcast clouds
450,Bonfim,3.0833,-59.95,82.9,66,96,3.49,BR,2022-05-07 20:13:09,overcast clouds
451,Orlik,52.5178,99.825,42.39,63,16,4.18,RU,2022-05-07 20:13:10,few clouds
452,Golspie,57.9727,-3.978,52.0,84,44,6.11,GB,2022-05-07 20:13:11,scattered clouds
453,Kondratovo,57.9804,56.1066,43.09,56,0,11.18,RU,2022-05-07 20:13:12,clear sky
454,Labytnangi,66.6572,66.4183,23.32,97,96,3.44,RU,2022-05-07 20:13:13,overcast clouds
455,Merritt Island,28.5392,-80.672,90.21,45,0,19.57,US,2022-05-07 20:13:14,clear sky
456,Brigantine,39.4101,-74.3646,49.05,95,100,31.07,US,2022-05-07 20:11:26,mist
457,Nizhnevartovsk,60.9344,76.5531,21.22,79,0,4.47,RU,2022-05-07 20:13:15,clear sky
458,Kharan,28.5833,65.4167,88.5,11,1,1.86,PK,2022-05-07 20:13:15,clear sky
459,Den Helder,52.9599,4.7593,53.98,84,75,14.0,NL,2022-05-07 20:13:16,broken clouds
460,Catalao,-18.1658,-47.9464,80.89,44,89,4.38,BR,2022-05-07 20:13:16,overcast clouds
461,Butembo,0.15,29.2833,58.14,91,97,3.27,CD,2022-05-07 20:13:17,overcast clouds
462,Grindavik,63.8424,-22.4338,45.07,81,75,26.46,IS,2022-05-07 20:13:18,light rain
463,Saint-Francois,46.4154,3.9054,56.64,72,0,6.91,FR,2022-05-07 20:13:18,clear sky
464,Chimoio,-19.1164,33.4833,62.04,82,5,1.16,MZ,2022-05-07 20:13:19,clear sky
465,Payo,-3.7508,103.6372,73.98,99,100,2.48,ID,2022-05-07 20:13:20,moderate rain
466,Teahupoo,-17.8333,-149.2667,76.96,77,8,1.72,PF,2022-05-07 20:13:21,clear sky
467,Harrisburg,40.2737,-76.8844,49.44,89,100,11.99,US,2022-05-07 20:13:17,moderate rain
468,Egvekinot,66.3167,-179.1667,23.41,94,100,4.47,RU,2022-05-07 20:13:23,overcast clouds
469,Henties Bay,-22.116,14.2845,58.05,86,0,12.8,NA,2022-05-07 20:13:24,clear sky
470,Okhotsk,59.3833,143.3,32.36,78,10,9.6,RU,2022-05-07 20:13:25,clear sky
471,Bambanglipuro,-7.95,110.2833,76.78,91,86,3.38,ID,2022-05-07 20:13:25,overcast clouds
472,Tautira,-17.7333,-149.15,80.4,77,7,1.97,PF,2022-05-07 20:13:26,clear sky
473,Onokhino,56.925,65.5394,43.12,66,23,9.04,RU,2022-05-07 20:13:28,few clouds
474,Santa Rosalia,27.3167,-112.2833,86.34,27,5,2.75,MX,2022-05-07 20:13:29,clear sky
475,Bontang,0.1333,117.5,78.31,87,100,3.96,ID,2022-05-07 20:13:29,overcast clouds
476,Harper,4.375,-7.7169,81.36,81,100,8.93,LR,2022-05-07 20:09:23,overcast clouds
477,Dali,25.7,100.1833,60.1,76,73,4.52,CN,2022-05-07 20:13:31,broken clouds
478,Bathsheba,13.2167,-59.5167,83.01,74,40,10.36,BB,2022-05-07 20:13:32,scattered clouds
479,Tahe,52.3333,124.7333,32.25,49,0,1.99,CN,2022-05-07 20:13:33,clear sky
480,Cedar City,37.6775,-113.0619,76.17,18,0,18.41,US,2022-05-07 20:13:34,clear sky
481,Birao,10.2849,22.7882,86.92,32,100,4.27,CF,2022-05-07 20:13:35,overcast clouds
482,Boca Do Acre,-8.7522,-67.3978,83.64,63,84,2.55,BR,2022-05-07 20:13:36,broken clouds
483,Quelimane,-17.8786,36.8883,67.5,84,17,2.98,MZ,2022-05-07 20:13:36,few clouds
484,Hailey,43.5196,-114.3153,48.79,51,100,17.27,US,2022-05-07 20:13:37,overcast clouds
485,Mogadishu,2.0371,45.3438,82.26,80,69,16.6,SO,2022-05-07 20:13:37,light rain
486,Olafsvik,64.8945,-23.7142,43.86,84,100,14.72,IS,2022-05-07 20:13:38,overcast clouds
487,Asau,46.4333,26.4,51.28,69,95,1.34,RO,2022-05-07 20:13:38,overcast clouds
488,Hortobagy,47.5828,21.1511,61.0,65,99,7.47,HU,2022-05-07 20:13:40,overcast clouds
489,Havelock,34.8791,-76.9013,76.95,74,94,10.0,US,2022-05-07 20:13:40,overcast clouds
490,Kavaratti,10.5669,72.642,84.49,71,47,9.13,IN,2022-05-07 20:13:42,scattered clouds
491,Curitibanos,-27.2828,-50.5844,58.62,73,1,3.06,BR,2022-05-07 20:13:44,clear sky
492,Tabuk,17.4189,121.4443,74.75,90,95,3.2,PH,2022-05-07 20:13:44,overcast clouds
493,Turukhansk,65.8167,87.9833,12.43,86,100,19.98,RU,2022-05-07 20:13:45,overcast clouds
494,Belaya Gora,68.5333,146.4167,18.23,91,100,11.45,RU,2022-05-07 20:13:46,overcast clouds
495,Vysokogornyy,50.1167,139.15,31.95,91,100,4.88,RU,2022-05-07 20:13:47,overcast clouds
496,Kalundborg,55.6795,11.0886,48.34,65,49,19.01,DK,2022-05-07 20:13:48,scattered clouds
497,Mayo,38.8876,-76.5119,52.21,93,100,12.66,US,2022-05-07 20:13:50,light rain
498,Laukaa,58.7372,29.8453,51.26,81,100,4.29,RU,2022-05-07 20:13:51,overcast clouds
499,Hobyo,5.3505,48.5268,83.1,83,7,20.89,SO,2022-05-07 20:13:52,clear sky
500,Wellington,-41.2866,174.7756,62.06,86,40,24.16,NZ,2022-05-07 20:10:34,scattered clouds
501,Tamandare,-8.7597,-35.1047,77.97,82,96,4.07,BR,2022-05-07 20:13:53,overcast clouds
502,Atasu,48.6814,71.6433,43.81,34,3,18.88,KZ,2022-05-07 20:13:54,clear sky
503,Peniche,39.3558,-9.3811,64.11,74,99,8.93,PT,2022-05-07 20:09:22,overcast clouds
504,Salta,-24.7859,-65.4117,66.79,60,75,8.05,AR,2022-05-07 20:13:55,broken clouds
505,Saquarema,-22.92,-42.5103,73.44,81,23,8.97,BR,2022-05-07 20:13:55,few clouds
506,Shahrud,36.4182,54.9763,66.69,46,100,5.19,IR,2022-05-07 20:13:56,overcast clouds
507,Lodja,-3.4833,23.4333,72.68,92,99,0.92,CD,2022-05-07 20:13:57,light rain
508,Gimli,50.6336,-96.9907,62.42,59,100,19.04,CA,2022-05-07 20:13:57,overcast clouds
509,Ust-Uda,54.1742,103.0304,50.31,61,99,12.19,RU,2022-05-07 20:13:58,overcast clouds
510,Punta De Bombon,-17.1717,-71.7931,67.3,79,99,5.08,PE,2022-05-07 20:13:58,overcast clouds
511,Pravia,43.4906,-6.1508,57.67,94,20,8.05,ES,2022-05-07 20:13:59,few clouds
512,Newberry,34.2746,-81.6187,73.78,63,98,8.81,US,2022-05-07 20:10:09,overcast clouds
513,Hella,67.2,14.4333,35.74,78,40,19.57,NO,2022-05-07 20:14:00,scattered clouds
514,Korla,41.7597,86.1469,73.54,34,57,9.53,CN,2022-05-07 20:14:01,broken clouds
515,Raudeberg,61.9875,5.1352,41.67,75,84,12.97,NO,2022-05-07 20:14:02,light rain
516,Biak,-0.9131,122.8766,77.09,87,90,3.47,ID,2022-05-07 20:14:03,overcast clouds
517,Bandarbeyla,9.4942,50.8122,82.17,89,28,9.1,SO,2022-05-07 20:14:04,scattered clouds
518,Mulege,26.8833,-111.9833,91.69,26,5,6.6,MX,2022-05-07 20:14:05,clear sky
519,Liuzhou,24.3126,109.3892,72.73,92,100,2.44,CN,2022-05-07 20:14:06,overcast clouds
520,Ixtapa,20.7,-105.2,78.03,73,0,14.97,MX,2022-05-07 20:14:06,clear sky
521,Manuk Mangkaw,4.8,119.85,82.78,80,100,9.6,PH,2022-05-07 20:14:07,overcast clouds
522,Acajutla,13.5928,-89.8275,85.6,67,55,8.95,SV,2022-05-07 20:14:09,broken clouds
523,Kandrian,-6.2167,149.55,77.18,91,27,4.5,PG,2022-05-07 20:14:09,scattered clouds
524,Bayir,37.2687,28.2167,54.12,42,7,3.13,TR,2022-05-07 20:14:10,clear sky
525,Parintins,-2.6283,-56.7358,84.81,71,64,2.48,BR,2022-05-07 20:14:11,moderate rain
526,Horn,51.8715,8.9451,57.34,84,92,6.73,DE,2022-05-07 20:14:13,overcast clouds
527,Fernie,49.5,-115.0687,48.88,97,100,5.7,CA,2022-05-07 20:14:13,overcast clouds
528,Ola,59.5833,151.2833,34.14,97,100,11.68,RU,2022-05-07 20:14:14,overcast clouds
529,Along,28.1667,94.7667,68.14,96,38,2.37,IN,2022-05-07 20:14:15,scattered clouds
530,Vao,-22.6667,167.4833,73.74,63,71,19.46,NC,2022-05-07 20:14:16,broken clouds
531,Gualeguay,-33.1416,-59.3097,72.59,63,6,8.52,AR,2022-05-07 20:14:17,clear sky
532,Codrington,-38.2667,141.9667,53.38,83,73,8.59,AU,2022-05-07 20:14:18,broken clouds
533,Guangyuan,32.442,105.823,68.13,84,42,2.35,CN,2022-05-07 20:14:19,scattered clouds
534,Nome,64.5011,-165.4064,32.16,93,100,18.41,US,2022-05-07 20:14:21,light snow
535,Gobabis,-22.45,18.9667,59.63,28,1,11.39,NA,2022-05-07 20:14:22,clear sky
536,Caborca,30.5838,-111.101,92.84,6,0,18.52,MX,2022-05-07 20:14:24,clear sky
537,Yongan,39.6957,113.6871,42.22,95,100,3.96,CN,2022-05-07 20:14:26,light rain
538,Anadyr,64.75,177.4833,32.5,74,0,13.42,RU,2022-05-07 20:14:28,clear sky
539,Lorengau,-2.0226,147.2712,82.18,82,66,13.06,PG,2022-05-07 20:14:28,broken clouds
540,Pingliang,35.5392,106.6861,58.44,82,95,2.91,CN,2022-05-07 20:14:29,overcast clouds
541,Batouri,4.4333,14.3667,73.51,79,64,3.33,CM,2022-05-07 20:14:30,broken clouds
542,Presidente Medici,-11.1753,-61.9014,84.85,69,0,3.44,BR,2022-05-07 20:14:32,clear sky
543,Bakchar,57.0186,82.0711,29.75,57,100,9.73,RU,2022-05-07 20:14:34,overcast clouds
544,Porto Belo,-27.1578,-48.5531,71.55,62,55,4.97,BR,2022-05-07 20:14:34,broken clouds
545,Jintur,19.6167,76.7,90.46,21,3,8.08,IN,2022-05-07 20:14:35,clear sky
546,Chilliwack,49.1747,-121.9443,55.0,77,100,10.0,CA,2022-05-07 20:09:57,overcast clouds
547,Rovaniemi,66.5,25.7167,40.41,38,0,9.22,FI,2022-05-07 20:14:36,clear sky
548,Mandalgovi,45.7625,106.2708,41.05,61,0,5.82,MN,2022-05-07 20:14:37,clear sky
549,Tamale,9.4008,-0.8393,83.37,55,100,5.3,GH,2022-05-07 20:14:37,overcast clouds
550,Santa Helena De Goias,-17.8136,-50.5969,83.39,47,0,2.33,BR,2022-05-07 20:14:38,clear sky
551,Saint-Augustin,51.226,-58.6502,41.52,44,100,15.01,CA,2022-05-07 20:14:39,overcast clouds
552,Sale,34.0389,-6.8166,68.68,73,7,5.75,MA,2022-05-07 20:14:40,clear sky
553,Buturlino,55.5667,44.8974,44.69,70,51,6.8,RU,2022-05-07 20:14:41,broken clouds
554,Mayumba,-3.432,10.6554,77.31,88,80,2.24,GA,2022-05-07 20:14:41,broken clouds
555,Quimperle,47.8667,-3.55,59.22,67,0,10.36,FR,2022-05-07 20:14:42,clear sky
556,Jacksonville,30.3322,-81.6556,89.04,40,40,25.32,US,2022-05-07 20:12:29,scattered clouds
557,Tadine,-21.55,167.8833,73.89,65,90,15.01,NC,2022-05-07 20:14:44,overcast clouds
558,Nyurba,63.2842,118.3319,36.09,85,100,7.58,RU,2022-05-07 20:14:44,overcast clouds
559,Meulaboh,4.1363,96.1285,76.77,90,100,6.08,ID,2022-05-07 20:14:45,moderate rain
560,North Bend,43.4065,-124.2243,54.91,80,40,13.8,US,2022-05-07 20:14:08,scattered clouds
561,Zamora,-4.0692,-78.9567,75.6,90,39,4.03,EC,2022-05-07 20:14:45,light rain
562,Dakar,14.6937,-17.4441,77.88,81,13,22.55,SN,2022-05-07 20:14:46,few clouds
563,Kaeo,-35.1,173.7833,51.33,96,9,3.8,NZ,2022-05-07 20:14:47,clear sky
564,Port Augusta,-32.5,137.7667,50.58,64,0,3.2,AU,2022-05-07 20:14:48,clear sky
565,Opuwo,-18.0607,13.84,65.08,38,3,5.19,NA,2022-05-07 20:14:49,clear sky
566,Mahibadhoo,3.7833,72.9667,84.72,76,100,14.47,MV,2022-05-07 20:14:50,overcast clouds
567,Ndele,8.4109,20.6473,78.71,64,87,2.73,CF,2022-05-07 20:14:52,overcast clouds
568,Rio Cuarto,-33.1307,-64.3499,74.97,33,40,17.27,AR,2022-05-07 20:10:16,scattered clouds
569,Waynesville,35.4887,-82.9887,64.49,85,100,1.01,US,2022-05-07 20:14:53,overcast clouds
570,Vila Franca Do Campo,37.7167,-25.4333,64.81,91,93,1.19,PT,2022-05-07 20:14:54,overcast clouds
571,Lebanon,36.2081,-86.2911,60.13,84,100,6.91,US,2022-05-07 20:12:03,overcast clouds
572,Cedar Rapids,42.0083,-91.6441,71.1,37,0,12.66,US,2022-05-07 20:12:09,clear sky
573,Ganta,7.3022,-8.5308,72.28,97,99,4.07,LR,2022-05-07 20:14:56,moderate rain
574,Talaya,61.3833,152.75,23.76,91,89,3.96,RU,2022-05-07 20:14:58,overcast clouds
575,Hokitika,-42.7167,170.9667,57.49,84,100,7.47,NZ,2022-05-07 20:14:58,moderate rain
576,Alto Araguaia,-17.3147,-53.2153,79.27,47,0,4.32,BR,2022-05-07 20:14:59,clear sky
577,Huanren,41.2647,125.3667,43.16,41,100,0.47,CN,2022-05-07 20:15:00,overcast clouds
578,Macas,-2.3167,-78.1167,82.15,32,40,5.75,EC,2022-05-07 20:14:13,scattered clouds
579,Haikou,20.0458,110.3417,74.57,93,100,8.19,CN,2022-05-07 20:15:02,overcast clouds
580,Camajuani,22.4833,-79.75,89.74,51,40,13.8,CU,2022-05-07 20:15:02,light rain
581,Puerto Del Rosario,28.5004,-13.8627,69.55,73,0,16.11,ES,2022-05-07 20:15:03,clear sky
582,Katobu,-4.9408,122.5276,76.26,92,100,4.85,ID,2022-05-07 20:15:03,overcast clouds
583,Lhokseumawe,5.1801,97.1507,76.3,91,100,2.64,ID,2022-05-07 20:15:04,light rain
584,Alegrete,-29.7831,-55.7919,65.82,73,59,7.18,BR,2022-05-07 20:15:05,broken clouds
585,Sobolevo,54.4299,31.8996,49.84,84,99,10.67,RU,2022-05-07 20:15:05,overcast clouds
586,Jega,12.2175,4.3792,97.77,28,100,7.81,NG,2022-05-07 20:15:06,overcast clouds
587,Istiaia,38.9558,23.1528,56.7,70,96,2.15,GR,2022-05-07 20:15:07,overcast clouds
588,Ulaangom,49.9811,92.0667,58.78,27,3,6.31,MN,2022-05-07 20:15:08,clear sky
589,Vila,42.0304,-8.1588,61.7,51,100,0.69,PT,2022-05-07 20:15:08,overcast clouds
590,Sebinkarahisar,40.2883,38.4236,40.32,81,99,1.68,TR,2022-05-07 20:15:09,overcast clouds
591,Broome,42.2506,-75.833,58.69,38,0,10.36,US,2022-05-07 20:15:10,clear sky
592,Baglung,28.2719,83.5898,65.59,77,93,4.52,NP,2022-05-07 20:15:11,overcast clouds
593,Kiboga,0.9161,31.7742,62.94,80,54,3.15,UG,2022-05-07 20:15:11,broken clouds
594,San Ramon De La Nueva Oran,-23.1322,-64.326,78.85,42,35,5.57,AR,2022-05-07 20:15:12,scattered clouds
595,Nanning,22.8167,108.3167,71.74,95,100,8.14,CN,2022-05-07 20:15:13,overcast clouds
596,Sladkovo,55.5284,70.3385,38.91,44,19,8.88,RU,2022-05-07 20:15:15,few clouds
597,Mangrol,21.1167,70.1167,81.57,75,0,14.34,IN,2022-05-07 20:15:16,clear sky
598,Poddorye,57.4695,31.1156,49.28,93,58,8.99,RU,2022-05-07 20:15:17,broken clouds
599,Arcata,40.8665,-124.0828,56.01,78,100,14.97,US,2022-05-07 20:15:18,overcast clouds
600,Bardiyah,31.7561,25.0865,65.19,68,46,15.23,LY,2022-05-07 20:15:19,scattered clouds
601,Melville,40.7934,-73.4151,48.15,83,100,13.8,US,2022-05-07 20:15:20,moderate rain
602,Yumen,40.2833,97.2,52.36,24,5,4.92,CN,2022-05-07 20:15:22,clear sky
603,Cayenne,4.9333,-52.3333,82.44,1,75,8.05,GF,2022-05-07 20:13:47,broken clouds
604,Jadu,31.953,12.0261,61.79,35,68,4.61,LY,2022-05-07 20:15:24,broken clouds
605,Krasnoselkup,65.7,82.4667,7.88,92,34,16.64,RU,2022-05-07 20:15:25,scattered clouds
606,Arlit,18.7369,7.3853,95.52,12,100,8.12,NE,2022-05-07 20:15:27,overcast clouds
607,Itoman,26.1247,127.6694,75.97,96,75,8.05,JP,2022-05-07 20:15:28,broken clouds
608,Bethanien,-26.502,17.1583,51.37,51,0,9.91,NA,2022-05-07 20:15:30,clear sky
609,Blackpool,53.8167,-3.05,57.34,82,90,8.61,GB,2022-05-07 20:15:31,overcast clouds
610,Uray,60.1247,64.7758,41.61,88,82,5.39,RU,2022-05-07 20:15:32,broken clouds
611,Amga,60.8953,131.9608,36.27,99,100,2.46,RU,2022-05-07 20:15:33,overcast clouds
612,Zeya,53.75,127.2667,32.27,65,8,3.36,RU,2022-05-07 20:15:33,clear sky
613,Bama,11.5221,13.6856,92.21,33,71,2.19,NG,2022-05-07 20:15:34,broken clouds
614,Huilong,31.8111,121.655,61.93,78,62,9.4,CN,2022-05-07 20:15:35,broken clouds
615,Oga,46.4631,10.347,47.08,94,100,4.29,IT,2022-05-07 20:15:35,overcast clouds
616,Tete,-16.1564,33.5867,69.89,78,0,0.0,MZ,2022-05-07 20:15:36,clear sky
617,Lingao,19.9103,109.6859,74.52,93,100,10.4,CN,2022-05-07 20:15:37,overcast clouds
618,Tongliao,43.6125,122.2653,52.38,16,100,7.09,CN,2022-05-07 20:15:37,overcast clouds
619,Ilheus,-14.7889,-39.0494,84.02,74,20,9.22,BR,2022-05-07 20:15:38,few clouds
620,Tucuma,-0.1833,-50.05,81.91,78,99,7.72,BR,2022-05-07 20:15:39,light rain
621,Mitu,1.1983,-70.1733,80.04,70,89,3.31,CO,2022-05-07 20:15:39,overcast clouds
622,Shibetsu,43.659,145.132,48.45,96,100,13.2,JP,2022-05-07 20:15:41,light rain
623,Nadvoitsy,63.8667,34.3167,43.7,83,95,10.89,RU,2022-05-07 20:15:41,overcast clouds
624,Palmer,42.1584,-72.3287,54.07,40,75,14.97,US,2022-05-07 20:12:46,broken clouds
625,Naron,43.5167,-8.1528,67.05,73,100,6.2,ES,2022-05-07 20:15:43,overcast clouds
626,Shumskiy,54.8318,99.1328,43.11,65,100,7.63,RU,2022-05-07 20:15:43,light rain
627,Turkistan,43.0,68.0,78.21,28,10,10.65,KZ,2022-05-07 20:15:44,clear sky
628,Komsomolskiy,40.4272,71.7189,68.72,52,0,6.91,UZ,2022-05-07 20:15:45,clear sky
629,Rio Branco,-9.9747,-67.81,86.61,58,20,3.44,BR,2022-05-07 20:15:46,few clouds
630,Rawson,-43.3002,-65.1023,77.04,31,22,10.04,AR,2022-05-07 20:13:50,few clouds
631,Zapresic,45.8564,15.8078,60.93,79,100,4.52,HR,2022-05-07 20:15:48,overcast clouds
632,Waingapu,-9.6567,120.2641,78.98,87,21,9.93,ID,2022-05-07 20:15:49,few clouds
633,Tabas,33.5959,56.9244,80.82,28,100,4.61,IR,2022-05-07 20:15:51,overcast clouds
634,Kheralu,23.8833,72.6167,84.13,39,0,8.25,IN,2022-05-07 20:15:51,clear sky
635,Viedma,-40.8135,-62.9967,76.12,27,9,18.88,AR,2022-05-07 20:15:28,clear sky
636,Abu Samrah,35.3029,37.1841,57.42,61,9,9.51,SY,2022-05-07 20:15:53,clear sky
637,Buin,-33.7333,-70.75,75.52,27,0,4.7,CL,2022-05-07 20:15:54,clear sky
638,Burns Lake,54.2331,-125.7533,45.82,33,90,6.46,CA,2022-05-07 20:15:55,overcast clouds
639,Santa Maria,-29.6842,-53.8069,64.27,77,0,5.48,BR,2022-05-07 20:15:56,clear sky
640,Teya,60.3778,92.6267,29.93,90,100,14.27,RU,2022-05-07 20:15:58,light snow
641,Marawi,7.9986,124.2928,69.94,90,90,1.95,PH,2022-05-07 20:12:41,overcast clouds
642,Magadi,12.9667,77.2333,73.06,69,35,4.88,IN,2022-05-07 20:16:00,scattered clouds
643,Puerto Penasco,31.3167,-113.5333,75.9,69,0,8.01,MX,2022-05-07 20:16:01,clear sky
644,Kloulklubed,7.0419,134.2556,77.5,79,100,16.91,PW,2022-05-07 20:16:02,overcast clouds
645,Tigzirt,36.8886,4.1198,58.96,77,48,5.99,DZ,2022-05-07 20:16:02,scattered clouds
646,Vardenis,40.1827,45.7311,41.09,87,100,3.78,AM,2022-05-07 20:16:03,overcast clouds
647,Mto Wa Mbu,-3.35,35.85,69.94,74,39,1.88,TZ,2022-05-07 20:16:04,scattered clouds
648,Lichinga,-13.3128,35.2406,62.69,82,0,5.75,MZ,2022-05-07 20:16:05,clear sky
649,Prince Rupert,54.3161,-130.3201,48.29,70,75,8.05,CA,2022-05-07 20:15:21,broken clouds
650,Lewisporte,49.2499,-55.0482,42.55,54,96,14.41,CA,2022-05-07 20:15:21,overcast clouds
651,Cao Bang,22.6667,106.25,71.78,99,84,2.44,VN,2022-05-07 20:16:07,broken clouds
652,Lexington,37.9887,-84.4777,56.73,88,100,11.5,US,2022-05-07 20:15:21,overcast clouds
653,Tingo Maria,-9.2895,-76.0088,88.11,58,20,5.75,PE,2022-05-07 20:16:09,few clouds
654,Methoni,36.8197,21.7049,62.46,74,95,8.19,GR,2022-05-07 20:16:09,overcast clouds
655,Hermosillo,29.0667,-110.9667,98.69,10,0,17.27,MX,2022-05-07 20:13:23,clear sky
656,Talara,-4.5772,-81.2719,79.56,61,0,21.85,PE,2022-05-07 20:16:11,clear sky
657,Kargopol,61.5071,38.9456,48.61,84,26,10.98,RU,2022-05-07 20:16:11,scattered clouds
658,Hukuntsi,-24.0,21.75,62.11,38,75,8.37,BW,2022-05-07 20:16:13,broken clouds
659,Bom Jesus,-9.0744,-44.3586,93.4,19,6,8.77,BR,2022-05-07 20:16:14,clear sky
660,Hala,25.8131,68.4227,87.78,43,0,17.05,PK,2022-05-07 20:16:15,clear sky
661,Zhangye,38.9342,100.4517,58.37,30,100,4.09,CN,2022-05-07 20:16:16,light rain
662,Alice Springs,-23.7,133.8833,35.15,75,0,0.0,AU,2022-05-07 20:16:16,clear sky
663,Carquefou,47.2982,-1.4902,60.87,74,0,8.05,FR,2022-05-07 20:16:18,clear sky
664,Campobello Di Mazara,37.6358,12.7443,60.85,94,26,3.4,IT,2022-05-07 20:16:18,scattered clouds
665,San Angelo,31.4638,-100.437,106.9,7,0,16.11,US,2022-05-07 20:13:59,clear sky
666,Corrales,35.2378,-106.6067,92.39,9,0,17.0,US,2022-05-07 20:16:19,"sand,dust whirls"
667,Adre,13.4667,22.2,84.24,14,99,4.34,TD,2022-05-07 20:16:20,overcast clouds
668,Cabuyaro,4.2817,-72.794,73.15,95,100,5.48,CO,2022-05-07 20:16:20,overcast clouds
669,Nadym,65.5333,72.5167,13.73,92,16,9.06,RU,2022-05-07 20:16:21,few clouds
670,Upington,-28.4478,21.2561,57.58,51,3,10.36,ZA,2022-05-07 20:16:23,clear sky
671,Bulungu,-4.55,18.6,70.29,97,100,1.5,CD,2022-05-07 20:16:23,light rain
672,La Baule-Escoublac,47.2922,-2.364,58.66,82,0,11.5,FR,2022-05-07 20:16:24,clear sky
673,Fare,-16.7,-151.0167,81.3,75,3,6.11,PF,2022-05-07 20:16:25,clear sky
674,Darhan,49.4867,105.9228,43.84,67,2,7.83,MN,2022-05-07 20:16:26,clear sky
675,Troitsko-Pechorsk,62.7084,56.1964,43.0,89,100,6.64,RU,2022-05-07 20:16:27,overcast clouds
676,Barinas,8.6226,-70.2075,81.54,70,68,3.71,VE,2022-05-07 20:16:28,broken clouds
677,Aykhal,66.0,111.5,31.87,98,100,10.8,RU,2022-05-07 20:16:28,overcast clouds
678,Skjervoy,70.0311,20.9714,35.6,85,100,40.82,NO,2022-05-07 20:16:30,overcast clouds
679,Wanaka,-44.7,169.15,58.1,88,100,3.0,NZ,2022-05-07 20:14:28,overcast clouds
680,Champerico,14.3,-91.9167,95.54,68,100,8.77,GT,2022-05-07 20:16:31,overcast clouds
681,Bestobe,52.4994,73.0975,41.31,39,0,7.58,KZ,2022-05-07 20:16:32,clear sky
682,Santa Flavia,38.085,13.5351,62.06,85,73,5.99,IT,2022-05-07 20:16:33,broken clouds
683,Pumiao,22.75,108.4833,73.8,95,100,7.23,CN,2022-05-07 20:16:34,overcast clouds
684,Kirakira,-10.4544,161.9205,80.83,84,74,10.27,SB,2022-05-07 20:16:35,broken clouds
685,Auki,-8.7676,160.7034,78.28,89,100,4.74,SB,2022-05-07 20:16:36,overcast clouds
686,Richards Bay,-28.783,32.0377,67.8,91,15,3.58,ZA,2022-05-07 20:16:37,few clouds
687,Nagod,24.5667,80.6,88.3,20,0,5.44,IN,2022-05-07 20:16:38,clear sky
688,Matay,28.419,30.7792,76.71,19,99,8.55,EG,2022-05-07 20:16:39,overcast clouds
689,Omsukchan,62.5333,155.8,23.72,94,100,3.53,RU,2022-05-07 20:16:39,light snow
690,Manacapuru,-3.2997,-60.6206,81.37,83,100,3.53,BR,2022-05-07 20:16:40,overcast clouds
691,Jacqueville,5.2052,-4.4146,82.83,78,76,10.85,CI,2022-05-07 20:16:41,broken clouds
692,Praia Da Vitoria,38.7333,-27.0667,64.76,82,75,2.44,PT,2022-05-07 20:16:41,broken clouds
693,Eldorado,-23.7869,-54.2836,72.05,70,14,3.42,BR,2022-05-07 20:16:42,few clouds
694,Killybegs,54.6333,-8.45,56.19,74,100,5.86,IE,2022-05-07 20:16:43,overcast clouds
